id,vector,name,price,description,clean_text
54389677,https://www.meesho.com/s/p/2yc8i6?utm_source=s,Pretty Sensational Women Tops & Tunics,254,Pretty Sensational Women Tops & Tunics Georgette,woman sensat top tunic pretti georgett
12915693,https://www.meesho.com/s/p/ukzq9?utm_source=s,Fancy Retro Women  & Tunics,249,Fancy Retro Women  & Tunics ,woman retro fanci tunic
51699761,https://www.meesho.com/s/p/2tc6vu?utm_source=s,Stylish Modern Women  & Tunics,197,Stylish Modern Women  & Tunics ,woman modern tunic stylish
26424897,https://www.meesho.com/s/p/1j1p05?utm_source=s,Pretty Designer Women Tops & Tunics,147,Pretty Designer Women Tops & Tunics Viscose,woman viscos top design tunic pretti
37958118,https://www.meesho.com/s/p/24vidg?utm_source=s,Classic Retro Women  & Tunics,250,Classic Retro Women  & Tunics ,woman retro tunic classic
47474686,https://www.meesho.com/s/p/2lnhj8?utm_source=s,Stylish Fabulous Women  & Tunics,249,Stylish Fabulous Women  & Tunics ,woman tunic fabul stylish
11186840,https://www.meesho.com/s/p/r6g9b?utm_source=s,Myra AttractiveTop and Tunics,258,Myra AttractiveTop and Tunics Rayon,rayon tunic attractivetop myra
21484089,https://www.meesho.com/s/p/19w9z7?utm_source=s,Stylish Partywear Women  & Tunics,149,Stylish Partywear Women  & Tunics ,partywear woman tunic stylish
80664662,https://www.meesho.com/s/p/4jhgn2?utm_source=s,Classic Feminine Women Tops & Tunics,172,Classic Feminine Women Tops & Tunics Cotton / Cotton Blend,woman top feminin tunic cotton blend classic
19559437,https://www.meesho.com/s/p/16ja8z?utm_source=s,Classy Elegant Women  & Tunics,233,Classy Elegant Women  & Tunics ,woman classi tunic eleg
48376303,https://www.meesho.com/s/p/2n92ue?utm_source=s,Comfy Designer Women Tops & Tunics,145,Comfy Designer Women Tops & Tunics Cotton Blend,comfi woman top design tunic cotton blend
71069228,https://www.meesho.com/s/p/3x8rs1?utm_source=s,Trendy Retro Women Tops & Tunics,171,Trendy Retro Women Tops & Tunics Lycra / Cotton / Cotton Blend,trendi woman retro top tunic cotton blend lycra
46365336,https://www.meesho.com/s/p/2jqeuy?utm_source=s,Comfy Designer Women  & Tunics,263,Comfy Designer Women  & Tunics ,comfi woman design tunic
76139255,https://www.meesho.com/s/p/48n818?utm_source=s,Stylish Fabulous Women Tops & Tunics,199,Stylish Fabulous Women Tops & Tunics Cotton,woman top tunic cotton fabul stylish
77890567,https://www.meesho.com/s/p/4cxmw3?utm_source=s,Pretty Fashionista Women Tops & Tunics,145,Pretty Fashionista Women Tops & Tunics Georgette,woman top tunic pretti fashionista georgett
81454839,https://www.meesho.com/s/p/4lcqsw?utm_source=s,Fancy Feminine Women Tops & Tunics,155,Fancy Feminine Women Tops & Tunics Cotton Blend,woman fanci top feminin tunic cotton blend
66999559,https://www.meesho.com/s/p/3oq4ry?utm_source=s,Classic Feminine Women Tops & Tunics,331,Classic Feminine Women Tops & Tunics Lycra,woman top feminin tunic lycra classic
63194080,https://www.meesho.com/s/p/3gdrtx?utm_source=s,Comfy Modern Women Tops & Tunics,369,Comfy Modern Women Tops & Tunics Cotton,comfi woman top modern tunic cotton
74314991,https://www.meesho.com/s/p/44dy0d?utm_source=s,Fancy Fabulous Women Tops & Tunics,137,Fancy Fabulous Women Tops & Tunics Cotton Blend,woman fanci top tunic cotton blend fabul
68683279,https://www.meesho.com/s/p/3s5xtk?utm_source=s,Comfy Partywear Women Tops & Tunics,233,Comfy Partywear Women Tops & Tunics Crepe,partywear comfi crepe woman top tunic
16114013,https://www.meesho.com/s/p/10f6w0?utm_source=s,Trendy Fashionista Men Shirts,1044,Trendy Fashionista Men Shirts Cotton Blend,trendi shirt cotton blend fashionista men
79974148,https://www.meesho.com/s/p/4hs058?utm_source=s,Comfy Elegant Men Tshirts,162,Comfy Elegant Men Tshirts Lycra,comfi eleg lycra tshirt men
74316419,https://www.meesho.com/s/p/44e0o3?utm_source=s,Fancy Fashionable Men Tshirts,199,Fancy Fashionable Men Tshirts Polyester,fanci fashion polyest tshirt men
10430470,https://www.meesho.com/s/p/pmang?utm_source=s,Comfy Designer Men Tshirts,230,Comfy Designer Men Tshirts Cotton Blend,comfi design cotton blend tshirt men
45696495,https://www.meesho.com/s/p/2ij9tb?utm_source=s,Trendy Fabulous Men Tshirts,274,Trendy Fabulous Men Tshirts Cotton Blend,trendi cotton blend fabul tshirt men
39139229,https://www.meesho.com/s/p/270k2j?utm_source=s,Vellical Men Shirts,287,Vellical Men Shirts Cotton Blend,vellic shirt blend cotton men
10017373,https://www.meesho.com/s/p/orj22?utm_source=s,Youth First Men Shirts,557,Youth First Men Shirts Cotton Blend,first shirt cotton blend youth men
10410060,https://www.meesho.com/s/p/pkr98?utm_source=s,Farbot Men's Tshirts,198,Farbot Men's Tshirts ,men tshirt farbot
57005148,https://www.meesho.com/s/p/33m9gf?utm_source=s,Casual Unique Men Trouser ,289,Casual Unique Men Trouser  Lycra,uniqu trouser casual lycra men
40768989,https://www.meesho.com/s/p/29yy0p?utm_source=s,Fancy Glamorous Men Tshirts,215,Fancy Glamorous Men Tshirts Cotton,glamor fanci cotton tshirt men
77073727,https://www.meesho.com/s/p/4ay61a?utm_source=s,Trendy Fashionable Men Shirts,250,Trendy Fashionable Men Shirts Cotton / Cotton Blend,trendi shirt fashion cotton blend men
41725381,https://www.meesho.com/s/p/2bpies?utm_source=s,Trendy Ravishing Men Tshirts,190,Trendy Ravishing Men Tshirts ,trendi tshirt men ravish
23118604,https://www.meesho.com/s/p/1cr1p0?utm_source=s,Casual Modern Men Trousers,418,Casual Modern Men Trousers Polyester,trouser casual modern polyest men
80797752,https://www.meesho.com/s/p/4jr8g9?utm_source=s,Classic Modern Men Tshirts,98,Classic Modern Men Tshirts Polyester / Polycotton,polycotton modern polyest classic tshirt men
69717258,https://www.meesho.com/s/p/3uejgu?utm_source=s,Trendy Fabulous Men Tshirts,426,Trendy Fabulous Men Tshirts Polycotton / Poly Blend,trendi polycotton poli blend fabul tshirt men
65155391,https://www.meesho.com/s/p/3kxvkl?utm_source=s,Pretty Sensational Men Shirts,308,Pretty Sensational Men Shirts Cotton Blend,shirt sensat cotton blend pretti men
30889756,https://www.meesho.com/s/p/1rm5qx?utm_source=s,Urbane Fashionista Men Tshirts,202,Urbane Fashionista Men Tshirts Cotton,tshirt urban cotton fashionista men
65337211,https://www.meesho.com/s/p/3lbme7?utm_source=s,Pretty Designer Men Shirts,261,Pretty Designer Men Shirts Lycra,shirt design lycra pretti men
12004914,https://www.meesho.com/s/p/ssn5p?utm_source=s,Classy Elegant Men tshirt,217,Classy Elegant Men tshirt Cotton Blend,tshirt classi cotton eleg blend men
49928259,https://www.meesho.com/s/p/2q3ajv?utm_source=s,Urbane Partywear Men Shirts,246,Urbane Partywear Men Shirts Cotton Blend,partywear shirt urban cotton blend men
71385941,https://www.meesho.com/s/p/3xy5ld?utm_source=s,Classy Partywear Men Tshirts,270,Classy Partywear Men Tshirts Cotton / Cotton Blend,partywear classi cotton blend tshirt men
25093607,https://www.meesho.com/s/p/1gfukm?utm_source=s,Comfy Ravishing Women Dresses,549,Comfy Ravishing Women Dresses Poly Crepe,comfi ravish woman crepe dress poli
29913544,https://www.meesho.com/s/p/1pqxqs?utm_source=s,Classy Graceful Women Dresses,199,Classy Graceful Women Dresses Polyester,woman classi grace polyest dress
19195489,https://www.meesho.com/s/p/15wrv3?utm_source=s,Pretty Modern Women Dresses,247,Pretty Modern Women Dresses Rayon,rayon woman modern dress pretti
24925335,https://www.meesho.com/s/p/1g4suk?utm_source=s,Trendy Fashionista Women Dresses,571,Trendy Fashionista Women Dresses Poly Crepe,trendi crepe woman poli dress fashionista
56587264,https://www.meesho.com/s/p/32u87f?utm_source=s,Pretty Ravishing Women Dresses,366,Pretty Ravishing Women Dresses Rayon,rayon ravish woman dress pretti
48351358,https://www.meesho.com/s/p/2n7pi7?utm_source=s,Stylish Retro Women Dresses,179,Stylish Retro Women Dresses Crepe,crepe woman retro dress stylish
24191152,https://www.meesho.com/s/p/1ep2lv?utm_source=s,Comfy Designer Women Dresses,326,Comfy Designer Women Dresses Crepe,comfi crepe woman design dress
19480926,https://www.meesho.com/s/p/16ebe2?utm_source=s,Comfy Modern Women Dresses,262,Comfy Modern Women Dresses Georgette,comfi woman modern dress georgett
1921907,https://www.meesho.com/s/p/69hm4?utm_source=s,Free Mask Stylish Poly Crepe Short Dresses,199,Free Mask Stylish Poly Crepe Short Dresses Poly crepe,mask crepe free short dress poli stylish
39584892,https://www.meesho.com/s/p/27tcp6?utm_source=s,Classic Latest Women Dresses,239,Classic Latest Women Dresses Crepe,dress crepe woman latest classic
24584497,https://www.meesho.com/s/p/1ffbgl?utm_source=s,Trendy Designer Women Dresses,248,Trendy Designer Women Dresses Crepe,trendi crepe woman design dress
34333578,https://www.meesho.com/s/p/1y3sxf?utm_source=s,Stylish Fashionista Women Dresses,326,Stylish Fashionista Women Dresses Crepe Sleeve Length,crepe woman sleev length dress fashionista stylish
73908742,https://www.meesho.com/s/p/43hz3u?utm_source=s,Trendy Glamorous Women Dresses,273,Trendy Glamorous Women Dresses Georgette / Crepe,trendi glamor woman crepe dress georgett
50589469,https://www.meesho.com/s/p/2rcpc7?utm_source=s,Fancy Retro Women Dresses,198,Fancy Retro Women Dresses Poly Crepe,crepe woman retro fanci dress poli
73274728,https://www.meesho.com/s/p/41yoi6?utm_source=s,Urbane Fashionable Women Dresses,459,Urbane Fashionable Women Dresses Georgette,woman fashion urban dress georgett
22673683,https://www.meesho.com/s/p/1bz5xu?utm_source=s,Trendy Graceful Women Dresses,254,Trendy Graceful Women Dresses Rayon,trendi rayon woman grace dress
74790599,https://www.meesho.com/s/p/45b79i?utm_source=s,Comfy Glamorous Women Dresses,199,Comfy Glamorous Women Dresses Polyester / Polycotton,comfi glamor woman polycotton polyest dress
29217728,https://www.meesho.com/s/p/1oflar?utm_source=s,Pretty Feminine Women Dresses,252,Pretty Feminine Women Dresses Poly Crepe,pretti crepe woman feminin dress poli
49267645,https://www.meesho.com/s/p/2ouz2s?utm_source=s,Classy Modern Women Dresses,329,Classy Modern Women Dresses Georgette,woman classi modern dress georgett
66604101,https://www.meesho.com/s/p/3nx2be?utm_source=s,Classy Retro Women Dresses,272,Classy Retro Women Dresses Poly Crepe,crepe woman retro classi dress poli
72275169,https://www.meesho.com/s/p/3ztwum?utm_source=s,Casual Latest Women Shorts,110,Casual Latest Women Shorts Cotton,woman latest casual short cotton
80972175,https://www.meesho.com/s/p/4k3mcd?utm_source=s,Fancy Modern Women Shorts,212,Fancy Modern Women Shorts Cotton Blend,woman fanci modern short cotton blend
72719651,https://www.meesho.com/s/p/40t57u?utm_source=s,Fancy Unique Women Shorts,191,Fancy Unique Women Shorts Cotton,woman uniqu fanci short cotton
66455881,https://www.meesho.com/s/p/3nm1q2?utm_source=s,Elegant Feminine Women Shorts,361,Elegant Feminine Women Shorts Cotton Blend,woman feminin short cotton eleg blend
43788980,https://www.meesho.com/s/p/2f80y4?utm_source=s,Designer Fashionista Women Shorts,290,Designer Fashionista Women Shorts Cotton,woman design short cotton fashionista
43789052,https://www.meesho.com/s/p/2f8144?utm_source=s,Casual Feminine Women Shorts,290,Casual Feminine Women Shorts Cotton,woman casual feminin short cotton
41885977,https://www.meesho.com/s/p/2bzruk?utm_source=s,Stylish Trendy Women Shorts,289,Stylish Trendy Women Shorts Cotton,trendi woman short cotton stylish
70518881,https://www.meesho.com/s/p/3w41he?utm_source=s,Elegant Feminine Women Shorts,327,Elegant Feminine Women Shorts Cotton,woman feminin short cotton eleg
59300132,https://www.meesho.com/s/p/38alyf?utm_source=s,Gorgeous Unique Women Shorts,163,Gorgeous Unique Women Shorts Cotton Blend,woman uniqu gorgeou short cotton blend
20648156,https://www.meesho.com/s/p/18fb7h?utm_source=s,Fancy Unique Women Shorts,291,Fancy Unique Women Shorts Cotton Blend,woman uniqu fanci short cotton blend
52428271,https://www.meesho.com/s/p/2un49o?utm_source=s,Elegant Glamarous Women Shorts,300,Elegant Glamarous Women Shorts Cotton,woman glamar short cotton eleg
2026368,https://www.meesho.com/s/p/6io3n?utm_source=s,Free Mask Fancy Fashionista Women Shorts,187,Free Mask Fancy Fashionista Women Shorts Lycra,mask woman free fanci short lycra fashionista
60123986,https://www.meesho.com/s/p/39xfdg?utm_source=s,Fashionable Trendy Women Shorts,153,Fashionable Trendy Women Shorts Cotton Linen / Cotton Blend,trendi woman linen fashion short cotton blend
43329446,https://www.meesho.com/s/p/2efeb9?utm_source=s,Fashionable Modern Women Shorts,142,Fashionable Modern Women Shorts ,modern fashion short woman
53588358,https://www.meesho.com/s/p/2wrryq?utm_source=s,Gorgeous Glamarous Women Shorts,162,Gorgeous Glamarous Women Shorts Cotton Blend,woman gorgeou glamar short cotton blend
2081154,https://www.meesho.com/s/p/6neou?utm_source=s,Designer Unique Women Shorts,181,Designer Unique Women Shorts Cotton Blend,woman uniqu design short cotton blend
79894253,https://www.meesho.com/s/p/4hlmjd?utm_source=s,Ravishing Fashionista Women Shorts,260,Ravishing Fashionista Women Shorts Denim,denim ravish woman short fashionista
33042786,https://www.meesho.com/s/p/1vnbar?utm_source=s,Designer Fabulous Men Trousers,298,Designer Fabulous Men Trousers Polycotton,trouser polycotton design fabul men
82076547,https://www.meesho.com/s/p/4mszri?utm_source=s,Designer Fabulous Men Trousers,529,Designer Fabulous Men Trousers Lycra,trouser men design fabul lycra
68338434,https://www.meesho.com/s/p/3rf1f0?utm_source=s,Gorgeous Glamarous Men Trousers,294,Gorgeous Glamarous Men Trousers Lycra,trouser gorgeou glamar lycra men
71103950,https://www.meesho.com/s/p/3xc12e?utm_source=s,Ravishing Latest Men Trousers,599,Ravishing Latest Men Trousers Lycra,trouser ravish latest lycra men
3003143,https://www.meesho.com/s/p/8z5l8?utm_source=s,Gorgeous Latest Men Trousers,1038,Gorgeous Latest Men Trousers Polyester,trouser latest gorgeou polyest men
74882992,https://www.meesho.com/s/p/45hylq?utm_source=s,Fashionable Fabulous Men Trousers,451,Fashionable Fabulous Men Trousers Cotton Blend,trouser fashion cotton blend fabul men
23453952,https://www.meesho.com/s/p/1dd7e5?utm_source=s,Stylish Trendy Men Trousers,463,Stylish Trendy Men Trousers Cotton Blend,trendi trouser cotton blend men stylish
10215892,https://www.meesho.com/s/p/p69a7?utm_source=s,Fancy Modern Men Trousers,398,Fancy Modern Men Trousers Cotton,trouser fanci modern cotton men
71494342,https://www.meesho.com/s/p/3y5kcj?utm_source=s,Ravishing Glamarous Men Trousers,548,Ravishing Glamarous Men Trousers Lycra,trouser ravish glamar lycra men
44451225,https://www.meesho.com/s/p/2gbx0b?utm_source=s,Ravishing Trendy Men Trousers,383,Ravishing Trendy Men Trousers Polycotton,trendi trouser ravish polycotton men
59830450,https://www.meesho.com/s/p/39cq3y?utm_source=s,Gorgeous Latest Men Trousers,567,Gorgeous Latest Men Trousers Cotton Blend,trouser latest gorgeou cotton blend men
59080818,https://www.meesho.com/s/p/37uedj?utm_source=s,Gorgeous Trendy Men Trousers,498,Gorgeous Trendy Men Trousers Lycra,trendi trouser gorgeou lycra men
73628472,https://www.meesho.com/s/p/42udv8?utm_source=s,Ravishing Fabulous Men Trousers,285,Ravishing Fabulous Men Trousers Lycra,trouser ravish men fabul lycra
18527634,https://www.meesho.com/s/p/14rltn?utm_source=s,Stylish Trendy Men Trousers,491,Stylish Trendy Men Trousers Cotton,trendi trouser cotton men stylish
41961979,https://www.meesho.com/s/p/2c4gzg?utm_source=s,Gorgeous Glamarous Men Trousers,489,Gorgeous Glamarous Men Trousers Cotton,trouser gorgeou glamar cotton men
68337523,https://www.meesho.com/s/p/3reyxt?utm_source=s,Casual Latest Men Trousers,291,Casual Latest Men Trousers Lycra,trouser latest casual lycra men
18171392,https://www.meesho.com/s/p/145i15?utm_source=s,Fashionable Unique Men Trousers,494,Fashionable Unique Men Trousers Cotton,trouser uniqu fashion cotton men
24454282,https://www.meesho.com/s/p/1f5p0s?utm_source=s,Stylish Fabulous Men Trousers,748,Stylish Fabulous Men Trousers Cotton Blend,trouser cotton blend fabul men stylish
76371759,https://www.meesho.com/s/p/4960n2?utm_source=s,Fashionable Latest Men Trousers,495,Fashionable Latest Men Trousers Lycra,trouser latest fashion lycra men
83265048,https://www.meesho.com/s/p/4pmu74?utm_source=s,Fashionable Modern Men Trousers,449,Fashionable Modern Men Trousers Lycra,trouser modern fashion lycra men
68982552,https://www.meesho.com/s/p/3ssmet?utm_source=s,Fancy Latest Men Jeans,399,Fancy Latest Men Jeans Polycotton,polycotton latest jean fanci men
77373591,https://www.meesho.com/s/p/4bmgfp?utm_source=s,Fancy Trendy Men Jeans,382,Fancy Trendy Men Jeans Denim,trendi denim jean fanci men
80427970,https://www.meesho.com/s/p/4iwbvg?utm_source=s,Fancy Glamarous Men Jeans,375,Fancy Glamarous Men Jeans Denim,denim jean fanci glamar men
74978021,https://www.meesho.com/s/p/45p9bo?utm_source=s,Fancy Fashionista Men Jeans,373,Fancy Fashionista Men Jeans Polycotton,jean polycotton fanci fashionista men
53254420,https://www.meesho.com/s/p/2w5w6j?utm_source=s,Designer Latest Men Jeans,400,Designer Latest Men Jeans Denim,denim jean latest design men
68983419,https://www.meesho.com/s/p/3sso65?utm_source=s,Designer Fashionista Men Jeans,393,Designer Fashionista Men Jeans Cotton,jean design cotton fashionista men
49168073,https://www.meesho.com/s/p/2oodk2?utm_source=s,Stylish Latest Men Jeans,464,Stylish Latest Men Jeans Cotton Blend,latest jean cotton blend men stylish
69642420,https://www.meesho.com/s/p/3u9mya?utm_source=s,Designer Fabulous Men Jeans,289,Designer Fabulous Men Jeans Cotton Blend,jean design cotton blend fabul men
53085748,https://www.meesho.com/s/p/2vuxwm?utm_source=s,Fashionable Latest Men Jeans,399,Fashionable Latest Men Jeans Cotton,jean latest fashion cotton men
56345475,https://www.meesho.com/s/p/32dctx?utm_source=s,Casual Fabulous Men Jeans,658,Casual Fabulous Men Jeans Denim,denim jean casual fabul men
54762038,https://www.meesho.com/s/p/2z2oy0?utm_source=s,Elegant Fashionista Men Jeans,377,Elegant Fashionista Men Jeans Denim,denim jean eleg fashionista men
55093479,https://www.meesho.com/s/p/2zpja5?utm_source=s,Designer Latest Men Jeans,399,Designer Latest Men Jeans ,men jean latest design
65382667,https://www.meesho.com/s/p/3lexnb?utm_source=s,Elegant Fashionista Men Jeans,408,Elegant Fashionista Men Jeans Cotton Blend,jean cotton eleg blend fashionista men
82922488,https://www.meesho.com/s/p/4oslys?utm_source=s,Ravishing Trendy Men Jeans,1108,Ravishing Trendy Men Jeans Cotton,trendi ravish jean cotton men
49178952,https://www.meesho.com/s/p/2op2jh?utm_source=s,Designer Modern Men Jeans,408,Designer Modern Men Jeans Cotton Blend,jean modern design cotton blend men
47774489,https://www.meesho.com/s/p/2m62ol?utm_source=s,Ravishing Fashionista Men Jeans,468,Ravishing Fashionista Men Jeans Cotton / Denim,denim ravish jean cotton fashionista men
56841615,https://www.meesho.com/s/p/33am9c?utm_source=s,Designer Modern Men Jeans,372,Designer Modern Men Jeans ,men jean modern design
43880195,https://www.meesho.com/s/p/2fd8lr?utm_source=s,Gorgeous Unique Men Jeans,460,Gorgeous Unique Men Jeans Denim,denim uniqu jean gorgeou men
16441061,https://www.meesho.com/s/p/10zkbg?utm_source=s,Rig bone Men Jeans,699,Rig bone Men Jeans Denim,bone denim rig jean men
5442558,https://www.meesho.com/s/p/eoqfb?utm_source=s,Pretty Fashionable Men Tshirts,205,Pretty Fashionable Men Tshirts Cotton,tshirt fashion cotton pretti men
50994425,https://www.meesho.com/s/p/2s37pf?utm_source=s,Pretty Sensational Men Tshirts,297,Pretty Sensational Men Tshirts Cotton Blend,sensat tshirt cotton blend pretti men
71232352,https://www.meesho.com/s/p/3xmrgs?utm_source=s,Trendy Graceful Men Tshirts,132,Trendy Graceful Men Tshirts Polycotton,trendi polycotton grace tshirt men
52106297,https://www.meesho.com/s/p/2u1cel?utm_source=s,Trendy Sensational Men tshirt ,312,Trendy Sensational Men tshirt  Cotton Blend,trendi tshirt sensat cotton blend men
73989483,https://www.meesho.com/s/p/43pahv?utm_source=s,Comfy Latest Men Tshirts,197,Comfy Latest Men Tshirts Poly Blend,comfi latest tshirt blend poli men
74238555,https://www.meesho.com/s/p/448zkj?utm_source=s,Pretty Sensational Men Tshirts,168,Pretty Sensational Men Tshirts Lycra,sensat tshirt lycra pretti men
60529499,https://www.meesho.com/s/p/3aq3ud?utm_source=s,Stylish Fashionable Men Tshirts,290,Stylish Fashionable Men Tshirts Polyester,fashion polyest tshirt men stylish
14718250,https://www.meesho.com/s/p/xyoyo?utm_source=s,Pretty Fabulous Men Tshirts,197,Pretty Fabulous Men Tshirts Cotton Blend,tshirt cotton blend fabul pretti men
71968507,https://www.meesho.com/s/p/3z5xw4?utm_source=s,Tshirts ,188,Tshirts  Polyester,tshirt polyest
75659726,https://www.meesho.com/s/p/47d2jv?utm_source=s,Pretty Fashionista Men Tshirts,199,Pretty Fashionista Men Tshirts Poly Blend,pretti fashionista tshirt blend poli men
59313489,https://www.meesho.com/s/p/38bef4?utm_source=s,Pretty Glamorous Men Shirts,281,Pretty Glamorous Men Shirts cotton,glamor shirt cotton pretti men
64638920,https://www.meesho.com/s/p/3jlokk?utm_source=s,Classy Designer Men Shirts,360,Classy Designer Men Shirts Cotton,classi shirt design cotton men
34404059,https://www.meesho.com/s/p/1y7x2q?utm_source=s,Fancy Sensational Men Shirts,334,Fancy Sensational Men Shirts Cotton,shirt sensat fanci cotton men
45239958,https://www.meesho.com/s/p/2hr5ej?utm_source=s,Classy Fashionable Men Shirts,297,Classy Fashionable Men Shirts Cotton Blend,classi shirt fashion cotton blend men
43236977,https://www.meesho.com/s/p/2e9uia?utm_source=s,Stylish Designer Men Shirts,299,Stylish Designer Men Shirts Cotton Blend,shirt design cotton blend men stylish
46402043,https://www.meesho.com/s/p/2jt28v?utm_source=s,Comfy Modern Men Shirts,318,Comfy Modern Men Shirts Cotton Sleeve Length,comfi shirt sleev modern cotton length men
39024053,https://www.meesho.com/s/p/26ss46?utm_source=s,Pretty Fashionista Men Shirts,289,Pretty Fashionista Men Shirts Cotton,fashionista shirt cotton pretti men
73418586,https://www.meesho.com/s/p/42bfo2?utm_source=s,Trendy Elegant Men Shirts,257,Trendy Elegant Men Shirts Cotton Blend,trendi shirt cotton eleg blend men
11336581,https://www.meesho.com/s/p/rh3dl?utm_source=s,Trendy Fabulous Men Shirts,495,Trendy Fabulous Men Shirts Cotton Blend,trendi shirt cotton blend fabul men
66862660,https://www.meesho.com/s/p/3ogi7l?utm_source=s,Comfy Designer Men Shirts,308,Comfy Designer Men Shirts Cotton Blend,comfi shirt design cotton blend men
48874634,https://www.meesho.com/s/p/2o4vyk?utm_source=s,Urbane Elegant Men Shirts,385,Urbane Elegant Men Shirts Cotton,shirt urban eleg cotton men
10127918,https://www.meesho.com/s/p/ozvbs?utm_source=s,Pack of 2 Trendy Sensational Men Shirts,528,Pack of 2 Trendy Sensational Men Shirts Cotton Blend,trendi pack shirt sensat cotton blend men
58132364,https://www.meesho.com/s/p/35wbe1?utm_source=s,Classic Modern Men Shirts,311,Classic Modern Men Shirts Cotton,shirt modern cotton classic men
43968526,https://www.meesho.com/s/p/2fibvl?utm_source=s,Fancy Modern Men Shirts,252,Fancy Modern Men Shirts ,men modern shirt fanci
40445,https://www.meesho.com/s/p/82hc?utm_source=s,Men's Fancy Synthetic Foam Shoes Vol 2,501,Men's Fancy Synthetic Foam Shoes Vol 2 ,foam synthet vol fanci men shoe
23751510,https://www.meesho.com/s/p/1dwja1?utm_source=s,Modern Attractive Men Sports Shoes,372,Modern Attractive Men Sports Shoes ,attract sport modern men shoe
24586414,https://www.meesho.com/s/p/1ffgfq?utm_source=s,Modern Graceful Men Sports Shoes,434,Modern Graceful Men Sports Shoes ,grace sport modern men shoe
70121244,https://www.meesho.com/s/p/3v7sk0?utm_source=s,Unique Graceful Men Sports Shoes,473,Unique Graceful Men Sports Shoes ,uniqu grace sport men shoe
27794811,https://www.meesho.com/s/p/1lri1w?utm_source=s,Clymb Men Sports Shoes,561,Clymb Men Sports Shoes ,men clymb sport shoe
24021521,https://www.meesho.com/s/p/1ee1ng?utm_source=s,Modern Fabulous Men Sports Shoes,334,Modern Fabulous Men Sports Shoes ,sport modern fabul men shoe
74937857,https://www.meesho.com/s/p/45lwjl?utm_source=s,Latest Attractive Men Sports Shoes,576,Latest Attractive Men Sports Shoes ,attract latest sport men shoe
13788657,https://www.meesho.com/s/p/w8njn?utm_source=s,Unique Fashionable Men Sports Shoes,496,Unique Fashionable Men Sports Shoes ,uniqu sport fashion men shoe
37744392,https://www.meesho.com/s/p/24imdc?utm_source=s,Latest Trendy Men Sports Shoes,471,Latest Trendy Men Sports Shoes ,trendi latest sport men shoe
61729426,https://www.meesho.com/s/p/3d62z1?utm_source=s,Latest Graceful Men Sports Shoes,422,Latest Graceful Men Sports Shoes ,latest grace sport men shoe
42525277,https://www.meesho.com/s/p/2d38p7?utm_source=s,Footox Men Sports Shoes,412,Footox Men Sports Shoes ,men footox sport shoe
23751020,https://www.meesho.com/s/p/1dwi3e?utm_source=s,Unique Trendy Men Sports Shoes,347,Unique Trendy Men Sports Shoes ,trendi uniqu sport men shoe
54428156,https://www.meesho.com/s/p/2yerr5?utm_source=s,Aadab Attractive Men Sports Shoes,586,Aadab Attractive Men Sports Shoes ,attract sport aadab men shoe
77684206,https://www.meesho.com/s/p/4cfssx?utm_source=s,Modern Fashionable Men Sports Shoes,497,Modern Fashionable Men Sports Shoes ,sport fashion modern men shoe
11427261,https://www.meesho.com/s/p/rnqyb?utm_source=s,Knoos Sports Shoes For Men,466,Knoos Sports Shoes For Men ,knoo sport men shoe
34230739,https://www.meesho.com/s/p/1xw8k9?utm_source=s,Modern Trendy Men Sports Shoes,489,Modern Trendy Men Sports Shoes ,trendi sport modern men shoe
81521021,https://www.meesho.com/s/p/4li5o7?utm_source=s,Relaxed Trendy Men Sports Shoes,492,Relaxed Trendy Men Sports Shoes ,trendi shoe sport men relax
39363435,https://www.meesho.com/s/p/27e0j8?utm_source=s,Unique Trendy Men Formal Shoes,444,Unique Trendy Men Formal Shoes ,trendi uniqu men formal shoe
68664892,https://www.meesho.com/s/p/3s52m1?utm_source=s,Colorful Men Loafers,399,Colorful Men Loafers ,color men loafer
22893194,https://www.meesho.com/s/p/1ccm46?utm_source=s,Latest Fashionable Men Formal Shoes,482,Latest Fashionable Men Formal Shoes ,latest fashion men formal shoe
52226167,https://www.meesho.com/s/p/2u94yt?utm_source=s,Modern Men  Formal Shoe,534,Modern Men  Formal Shoe ,shoe men modern formal
56710471,https://www.meesho.com/s/p/33285t?utm_source=s,Relaxed Trendy Men Formal Shoes,460,Relaxed Trendy Men Formal Shoes ,trendi shoe men formal relax
38256022,https://www.meesho.com/s/p/25f96p?utm_source=s,Aadab Fashionable Men Formal Shoes,448,Aadab Fashionable Men Formal Shoes ,fashion aadab men formal shoe
82579723,https://www.meesho.com/s/p/4o08pu?utm_source=s,Unique Attractive Men Formal Shoes,1144,Unique Attractive Men Formal Shoes ,attract uniqu men formal shoe
4878873,https://www.meesho.com/s/p/dixl2?utm_source=s,Modern Trendy Men Formal Shoes,432,Modern Trendy Men Formal Shoes ,trendi modern men formal shoe
71175866,https://www.meesho.com/s/p/3ximbi?utm_source=s,Latest Fabulous Men Formal Shoes,444,Latest Fabulous Men Formal Shoes ,latest fabul men formal shoe
81649498,https://www.meesho.com/s/p/4lt701?utm_source=s,Latest Trendy Men Formal Shoes,1453,Latest Trendy Men Formal Shoes ,trendi latest men formal shoe
30306403,https://www.meesho.com/s/p/1qhe4u?utm_source=s,Aadab Graceful Men Formal Shoes,653,Aadab Graceful Men Formal Shoes ,grace aadab men formal shoe
29730043,https://www.meesho.com/s/p/1pdctb?utm_source=s,Relaxed Graceful Men Formal Shoes,651,Relaxed Graceful Men Formal Shoes ,shoe grace men formal relax
33175870,https://www.meesho.com/s/p/1vwrcz?utm_source=s,Unique Fashionable Men Formal Shoes,527,Unique Fashionable Men Formal Shoes ,uniqu fashion men formal shoe
